name,label
"Harri",person
"Horizons: OxWEST’s 2026 Conference",not_person
"Samwel",person
"Hope Ableton Pahlavi",person
"Rare Form Oxford",not_person
"Gerald Munashe Munetsi",person
"Summer",person
"Maria Vitória Barbosa A. Araújo",person
"Jose Rivero",person
"The Spires Cafe & Restaurant | Oxford",not_person
"sema hailott7",person
"Nimay Gupta",person
"Daniel Zhang",person
"Adarsh Mishra",person
"Blue Berry",person
"Nisan Kaynar",person
"Oxbridge Varsity Hackathon",not_person
"מונג אן אל",person
"Oxford CS Graduate Society",not_person
"Beyzanur Albayrak",person
"Theo Prowse",person
"Denny",person
"Bobo",person
"Sahar",person
"maca",person
"Jacky Ye   1%",person
"Esti Cohen💟",person
"Dominykas",person
"Will Yu",person
"Emily Tan 🐓🍀",person
"Flo",person
"Anne",person
"ellie",person
"ariana",person
"Pascale",person
"Alex Mann",person
"sophia 🧿",person
"s.l",person
"Do El Nau",person
"Kelvin Cheung",person
"Patrick van Hoof",person
"Nakshatra",person
"chiarapezzotti",person
"Arch Oxford",not_person
"Alfie Baker",person
"Nazifa at Oxford",person
"OxideOne",not_person
"raheelahmad748",person
"chan",person
"Vuslat Aslan",person
"Zesang Li",person
"harrish",person
"Raymond Wu",person
"oustemball",person
"ellis vg",person
"Lola",person
"Rajas Ketkar",person
"Catalyst Oxford",not_person
"lyss.",person
"Alyssa",person
"tilly black",person
"Theo",person
"Qizheng Li",person
"7vii",person
"Wantoe T. Wantoe",person
"Alex Tollit",person
"Marcus",person
"Nihal F T Ahmed",person
"Светлана",person
"Nic",person
"Lindsey Park",person
"Z",person
"Ben",person
"higjlg",person
"Oxford AI Society",not_person
"AstaR",person
"Lucy Baines",person
"Viraja Gurrapu",person
"zara",person
"M S",person
"Alex Gough",person
"Pawel Grab",person
"Thomas Harden",person
"Beth Tegg",person
"priy anka",person
"Ruby",person
"fraudulent nook",person
"doug",person
"Joyce Yang",person
"Veronika Ilinceva",person
"Lily Palmer",person
"Alyssa",person
"Freddie",person
"Lisa🤎🧸",person
"Nucleate Podcast",not_person
"Ethan Kropf",person
"dow",person
"emma",person
"tom",person
"daniel :)",person
"Winny Li",person
"Charlotte",person
"মেঘদূত",person
"Maddie",person
"Flaminia Muratori",person
"Alfie",person
"Jonathan Garrity",person
"Hans",person
"dia",person
"🅾️🛏... i think",person
"marta<3",person
"em",person
"David Theodor Nimrichtr",person
"coolgirloffduty",person
"Natalia Wachowska",person
"Leo Kraljević",person
"Michael",person
"Emily",person
"Scarlett 🔅",person
"Flo",person
"Yutong;)",person
"Jingwen",person
"Eva Tzachili",person
"Min",person
"Syallom Gita",person
"Ellie Rothman",person
"George Waller",person
"eva",person
"Rosie",person
"Aoife McLoughlin",person
"emma 🤍",person
"James",person
"🐊",person
"maïsa",person
"ava!!",person
"Josh Wise",person
"Henry Young",person
"Suthichai Srihawan",person
"frankiiee",person
"Aidan Lam",person
"Evan Foulkes",person
"épée",person
"josie✩",person
"Austin Mitchell",person
"Sonja!",person
"Albert Cooper Wedge",person
"Alicia",person
"adamisnotabuster",person
"Oliver Masters",person
"Anna",person
"Tuguldur Zolzaya 🫡",person
"elena🪐",person
"nicola 🦦🪸🫧🪭🐦🔥🫐🍭",person
"Sophia",person
"Efe Ali Görgüner",person
"Angelina Chan",person
"Oscar",person
"usman • עثمان",person
"Michael Wu",person
"Elinor xx",person
"gheqin",person
"elleedavidsonn",person
"Rafe Harding",person
"Seoyun Bae",person
"Eleanor",person
"mia",person
"molly",person
"Sophia MacMid",person
"Janet Wang",person
"amelia",person
"Oxford Toast Club",not_person
"Zoe Stark",person
"Coco",person
"Megan :)",person
"nxbxcnnc",person
"Ben",person
"Salv N🧞♂️",person
"Jakub Dubský",person
"Anqi Zu (Angela)",person
"glenny",person
"Moises Trey Lacandula",person
"Sheen Bendon",person
"Isaac Heron",person
"james han",person
"Duru",person
"will griffiths",person
"Radiah Azmyne Khan",person
"Megan",person
"Oscar Goodwill",person
"One Sweet Scent",not_person
"Joshua Q",person
"Amelie Dowse",person
"Harrell",person
"Zach Tydeman",person
"KC",person
"Bryan Barr",person
"Alastair",person
"Joe Ellis",person
"george",person
"Ella 💌",person
"Brennan Ting",person
"anisia cole",person
"aahi",person
"gracie",person
"caroline",person
"Paul Apostolides",person
"Eddie Ellam",person
"René Bektashi-Brown⛸🇬🇧",person
"Pranay",person
"ed",person
"Rachel",person
"MSc IHTM - University of Oxford",not_person
"MBURU JOSEPH",person
"C A L L U M",person
"Elowen",person
"Tom",person
"Teddy Onslow",person
"Dia",person
"Esther Tianlu Fu",person
"katy",person
"Ari",person
"Aqsa Aziz",person
"Hera Technology",not_person
"Stanfosys",person
"Sarah Friedlander",person
"Heng Yi 亨懿",person
"Lauren Smith",person
"fara’s farm",not_person
"dalia",person
"tysh ˚₊· ͟͟͞͞➳❥",person
"EAQ",person
"Assignment and Dissertation Writing Services",not_person
"Leah リア 리아",person
"Jake",person
"Faryal Zaman",person
"Ryan Edmiston",person
"Kim Nguyen",person
"马筱玥 Ma, Xiaoyue",person
"Fine Treatment",not_person
"Meeyan",person
"Dbux",person
"Jale Şahin",person
"Anastassia Fertikova",person
"Dr Julia Cooney",person
"Corenna",person
"Beth Burke",person
"Álex",person
"Abdullah",person
"Claudia Carey",person
"Tania J.",person
"Hannah",person
"Pawlin K Marwah",person
"Taisiia Sazonova",person
"Julia Mozyleva",person
"tatevikjalatyan",person
"Chewbacca",person
"Sakshi",person
"Sharon Rachel Manu",person
"邓瑜Florian",person
"Emmanuel Tran",person
"Amit Halkhoree",person
"Laura Dillon",person
"Sankalp Garud",person
"Gowing Life",not_person
"Matt Tang",person
"Siddharth Asthana",person
"Radhika Singh 💜",person
"HG",person
"Jack Fertility",not_person
"Denise",person
"Sven Bulterijs",person
"Ioana",person
"Serdal Gurses",person
"ad diar",person
"Marcus Williamson",person
"Darshy",person
"mimi 🥚",person
"𝒜𝓁𝒾𝒸𝒾𝒶 𝐻𝒶𝓎𝒹𝑒𝓃 𓅣",person
"Tedi 🦉",person
"Ariananda Hariadi",person
"Grace",person
"adi 💌",person
"Dan",person
"Mingwan (Mw)✌",person
"Джем Ерсой 🇪🇺",person
"apeng",person
"no",person
"Tom",person
"أيلة",person
"soma dutta. 238",person
"Shashank Arya (शशांक आर्य)",person
"Yiming Lai",person
"Lois Kasperkowicz",person
"Gemma",person
"Ely Figueroa",person
"Cucumber Soup",not_person
"Owen",person
"Connie Baker",person
"Erin Higgins",person
"sophiesp",person
"tilda",person
"Ollie Millington",person
"Htar Yu Nwe",person
"Sofia",person
"Aya Haroune",person
"emma",person
"Mila",person
"Esther Morris",person
"maddi",person
"Thomas",person
"Cara McDade",person
"James",person
"Լուսինե",person
"Seosamh Ó Cuinn",person
"Annabel",person
"ted",person
"Archie",person
"ella <3",person
"Holly Dodd",person
"St Anne’s Environment🌿",not_person
"Stella Duncan",person
"🫠",person
"🐢",person
"Clare Gillis",person
"seb cooksey",person
"Elia",person
"milliehateslordoftherings",person
"Ellie B",person
"Eliza",person
"Lara Kw",person
"Thomas Wassermann",person
"bethany",person
"Josh",person
"Annwin's Adventures",not_person
"Vir Pelayo | Wildlife Biologist | Ethologist",not_person
"Sakina Amin",person
"Mirrianne",person
"Antrusha",person
"fliss",person
"emmastarink",person
"Grace",person
"Olya",person
"Francesca Hotson",person
"Ericka Viquez",person
"JR",person
"Victoria Maria",person
"Renata Koviazina",person
"abs🐌",person
"Alexandre Pawlak",person
"Laurence Britton",person
"Ava",person
"Harry Young",person
"phoebe",person
"Johannes Immanuel Winther",person
"Harvey",person
"MonosNathanHGL (Evolving)🙏",person
"Facundo Agustin Diaz",person
"Tess",person
"Oxford University Ski & Snowboard Club",not_person
"ربًيِّشُـرحً لَيِّ صّـدٍريِّ",person
"Department of Geography",not_person
"Giulio Savazzi",person
"Gygis Alba",person
"Sam",person
"akdijkerman",person
"Maia Klaustermeier",person
"Hadas Sloin",person
"TheBiologyLife",not_person
"Earthlover",person
"Ian Mugan Xi",person
"Sofia",person
"Chernor Barry",person
"Lucie :)",person
"Beyond The Plate Conference",not_person
"Lilia Acevez",person
"T Balone",person
"TAYLAN ZAFER BALİ",person
"Michail",person
"Ruby Parker",person
"Léna",person
"Darwin Biological",not_person
"David A. Simon",person
"Sue Forrest",person
"Thomas Stone",person
"Oxford University Marine Science Society",not_person
"A D I T H Y A🐘",person
"Charlie",person
"Saide Zülal Taşlıyol",person
"Emily",person
"Katy Griffiths",person
"Maya",person
"alex poulston",person
"Mohammad Shahid Akhtar",person
"Mammal Society Youth",not_person
"Meng-kuei Chang",person
"Clara🦕",person
"The Real Ben O'Donnell",person
"Arthur",person
"cait 🐞",person
"PG",person
"Beyza Nur Süslü",person
"Misbah Sarmad",person
"h a n n a h 👽",person
"greicrescent",person
"Katie Wright",person
"Diyano 🍀",person
"Hepzibah",person
"emmi 🦦",person
"Indrajeet",person
"Daisy",person
"Jay Creese",person
"Ben",person
"Global Centre on Healthcare and Urbanisation",not_person
"Lexie",person
"Rachel Martin",person
"Clara Cecil",person
"Effective Altruism Oxford",not_person
"Sophie Pemberton",person
"Sophie Brixton",person
"Danny Miles",person
"Darcy-Summer💕",person
"Hannah",person
"alexlucyyx",person
"blue :)",person
"Ivy",person
"Bellie Zhu",person
"Amy D",person
"bhavya",person
"Robert Sexton",person
"Joshan Davies",person
"Bethan Sheldon",person
"eleanor 🌸",person
"Rosie",person
"Matt Turner",person
"Lilli Cowen",person
"Yuhan Li",person
"hannah",person
"Polygeia Oxford",not_person
"arianwen | marine biology PhD",person
"Hyeryung",person
"Deep Thakkar",person
"Pembroke College Oxford Biodiversity Project",not_person
"Oxford University Science Park, Begbroke",not_person
"Hannah Lemon",person
"Hend Almunaidi",person
"Lara",person
"Servchain ltd",not_person
"Mario Hernández",person
"The Prom Dress Place",not_person
"Ms. Elanchezhian",person
"gregis",person
"Eleanor Miller - VP UG Education and Access Officer at Oxford SU",not_person
"Jonathan Brown",person
"Mia",person
"chloe",person
"Diana",person
"_Eco_Eagles",not_person
"Nick",person
"Roma Burmaan",person
"firefly fairy",person
"grace j",person
"حسین ذوقی فرد",person
"Scripted_Essayists1",not_person
"kshama",person
"Anna Satory Kindberg",person
"Abbie",person
"Electra Dovas",person
"Khalil",person
"Will",person
"Josh",person
"britt 🐠",person
"ficklepinkflower",person
"Shathuki🇱🇰👩🏾‍🔬",person
"Alice Boussaroque",person
"Oli :)",person
"Phoebe Hartley",person
"Reuben",person
"Ollie ✨️🧚‍♂️",person
"Noah Walker",person
"ellie 🔆🌀🌿",person
"Carla Fuenteslópez",person
"Celestine Adelmant",person
"Camille l'amour de ma vie <3 (Ferdinand Castera)",person
"annabel",person
"Sarah Darrah",person
"Anna M. Drzewiecki",person
"Youngjun Lee",person
"Jessie Dolliver",person
"irene",person
"Wanja Kariuki",person
"miranda",person
"John",person
"ar!ya",person
"Adam Grassly",person
"Charlotte",person
"Cassandra White",person
"rose",person
"Barnaby Knight",person
"grace!!",person
"Chris",person
"pippa",person
"Ella",person
"Rafael Armstrong",person
"Ricardo Rocha",person
"Jie Zhu",person
"Rosalind Franklin Society",not_person
"tanvi !",person
"Niamh Lynch",person
"2030303 ahead",not_person
"S",person
"Holly Neille",person
"assignment_helper",not_person
"اردشیر شهسواری",person
"Asy Syfaa",person
"Golam Mortuja",person
"Mohammad Bamerthah",person
"Charlotte🌻",person
"#costa #",not_person
"☀️🍉",person
"uk assignment project🇵🇸🇨🇮🇨🇦🇮🇳🇵🇰🇬🇧🏴󠁧󠁢󠁥󠁮󠁧󠁿🇵🇳",not_person
"Francisco A E Chiari",person
"Cosmo",person
"kaiya",person
"Tom Jackson",person
"Malik Rizwan",person
"Wild Magazine",not_person
"Lukas",person
"sarah le b",person
"Divjot Kaur",person
"Douglas Henrique Galvão",person
"Marcus Ashworth",person
"Karla Ashman",person
"Ted Aplin",person
"Oxford Entomology Society 🪲",not_person
"Nimi Kaur",person
"Malhaar Agrawal",person
"Lucy Henry",person
"Audrey Dickinson",person
"Amy w",person
"Bronnie",person
"jada!",person
"Candela Ferrer Díez",person
"susumi chiran",person
"Matthew",person
"Edmund Robinson",person
"Emily",person
"Alice ☀️",person
"Anki",person
"Yves Fernandes",person
"Gabriela graciano",person
"faisalpharma",not_person
"Luce",person
"Design Studio 1",not_person
"darealotman",person
"Lauren Daly",person
"Catherine Stephenson",person
"🌱",person
"Claire Shipp",person
"e mwright",person
"Charli",person
"Adam",person
"Tabby",person
"Daisy Yiangou",person
"James King",person
"Rosie",person
"TAC Stones",not_person
"Ark Tutoring",not_person
"nell w",person
"Bhagat Singh",person
"Angel",person
"Niv Chabria",person
"George Shillcock",person
"Chey",person
"Rudra",person
"Sanwal Bhatti",person
"Karthik Karthik",person
"Rob Hanlon",person
"SBCCasting",not_person
"AS ASSIGNMENT HELPER🇨🇦🇦🇺🇮🇳🇨🇮🇬🇧",not_person
"Daisy Oliver",person
"Ursula Gil de Ure",person
"Anika Tasnim",person
"Ben LI",person
"Ala Ada",person
"Malireddy Ravi Prasad",person
"Dianali Rodriguez",person
"Will",person
"Ravi Chauhan Ravi Kumar",person
"Yohana Barrientos",person
"Botanical Paraíso 🎨🌿",not_person
"Alberto Negri",person
"Katherine",person
"Eloise",person
"Sofia Castelló y Tickell",person
"jellyn mg",person
"Yousra Hadjer",person
"92douglas25",person
"Monica🌹",person
"Rosie Petherick-Davies",person
"Tasneem Shaban",person
"vitoria isabel",person
"Jonas",person
"seto homeschooled78",person
"kalekij",person
"adelle wato",person
"Felipe González Espinoza A.",person
"Meee",person
"I HAVE 5 HUSBANDS 🥵",not_person
"NAVIDKHANAHMADI",person
"Keira 🌌",person
"Bryony Blades || Biology PhD",person
"eve",person
"Shannon",person
"Bee",person
"Layla 🦭",person
"Ambrose",person
"Anna",person
"Amy",person
"Conservation Optimism",not_person
"Md. Ashraful Islam",person
"Haider Ali",person
"Hashem Habbal",person
"Asif Jamali",person
"Ahmed W.C_45",person
"Asia Hoile",person
"Asia Hoile - Phil / PhD Blog at Oxford",not_person
"CUPS",not_person
"Sana Raza Virk",person
"Society sponsorship made easy",not_person
"☺︎CCOCOMMI☺︎",person
"Oxford Uni Psychology Society",not_person
"Mahael Duresh",person
"Naftal",person
"Richard",person
"Juli Pauline",person
"catttttt",person
"Shathuki Perera",person
"Dora Solloway",person
"Angel Alexander",person
"Shivangi M Harsha",person
"Hamza Koç",person
"dr chris 👨🏻‍⚕️✨",person
"Sema Tuna Torunoğlu",person
"Samuel Toulmin",person
"Snigdha Priya",person
"Stesha Badovska",person
"BME Oxbridge podcast",not_person
"Libby Alldread",person
"Michal Rindos",person
"Pialy Biswas",person
"Maryam Jamilah",person
"Emma Thornton",person
"george",person
"Rosa",person
"Barbara Sarkany",person
"Sophie Hughson",person
"ellie",person
"Creating Better Futures",not_person
"Charles DF",person
"Antonio Cesar Reynal",person
"Hatty Haysom",person
"orin mld",person
"©harlotje",person
"Yan🧚🏼‍♀️",person
"fillytoria",person
"Ella May",person
"Charlie",person
"Susie",person
"Genesis",person
"Sam Jones",person
"Olly Cheung",person
"anna",person
"Walter de Stapelcat",person
"Mr Shariful Islam",person
"Elisa Sandoval",person
"Jemima",person
"Rachel",person
"jemima",person
"Kathryn Brooks",person
"Jessye !!",person
"Lara Clements",person
"Tal",person
"Yavuz F. Yazicioglu",person
"Anna",person
"molly",person
"kiki",person
"Andrea Pella",person
"Pirta",person
"Isobel",person
"Anelise",person
"Ellen Morley",person
"Chloe-Marie",person
"j y 22333",person
"TransKalahariPredatorProgramme",not_person
"Rodrigo Béllo",person
"Abi",person
"Erica Boston",person
"Connor Forsyth",person
"Ilayda Inan",person
"Kacper Świerk",person
"roza bailey",person
"Edie Abrahams",person
"Vignesh",person
"Keszthelyi Anna",person
"J🌸",person
"Luciana Solar",person
"Becky Strain",person
"Andrzej Wolniewicz",person
"indigo",person
"thejozsa",person
"m gh oxbridge",not_person
"Alisha Konnoth",person
"anas_pc",person
"Justin Saroyan",person
"Zoë Harley",person
"Lidiane Saatkamp",person
"Richard Greene",person
"Ben Elgar",person
"Khushal Thobhani",person
"Alice Bradbury",person
"Manu de Medeiros",person
"Mridul",person
"Will Assad",person
"Marguerite",person
"Hazel",person
"Miyu Tone",person
"George Hildick-Smith",person
"Mariana Taramona",person
"羽",person
"Angelina Shcherbakova",person
"Akari Kobayashi",person
"Oxford University Wine Circle",not_person
"Mel Parker",person
"Lucía Vílchez",person
"Viana Copeland",person
"ellie 🐣",person
"Yanni Zhou",person
"FLT",not_person
"ℂ𝕒𝕥𝕙𝕖𝕣𝕚𝕟𝕖 ℂ𝕝𝕒𝕣𝕜",person
"canned pineapples",not_person
"Sam Wolfe",person
"B L",person
"Victoria 🌺",person
"Frederika Adam",person
"Oxfordshlre Goalball Club",not_person
"broderick",person
"apieceoffattypork",not_person
"Evani Mannur",person
"ကို ထက် နိုင် စိုး",person
"Simone",person
"mary",person
"Mauricio Báez",person
"Alina",person
"Jiayi Wang",person
"Awriters Poppy",not_person
"Raffaele Sarnataro",person
"Josh Wagner",person
"Himmy",person
"StevenLau",person
"Robyn Haggis",person
"Tin Orešković",person
"Spiro Fernando",person
"Fanny Clemente",person
"Vivek",person
"Claire Joanna",person
"Jane",person
"Burcu Gulen",person
"Sarah Knowles MW",person
"🔔",person
"Wine Blind Tasting",not_person
"MSG",person
"The Deli Oxford",not_person
"Samanta",person
"e bogensberger",person
"Romey Casting",not_person
"Bruna Brasil Brandão",person
"Fernando Neumann",person
"Beatriz Vieira Martins",person
"Sumer",person
"Tom Zonenschein",person
"ملك جبارين",person
"Ítalo Favoreto Campanharo",person
"clararibrun",person
"Angie",person
"Gabriel Araneda",person
"Rik Knowles",person
"Rosalind Moran",person
"Adam Urwick",person
"Catarina Alhinha",person
"Lucas",person
"Oxford Union",not_person
"Camila Lima",person
"Anna Luiza Barbosa",person
"Luiza Vilanova",person
"Alan Rodrigo",person
"Blanca Rodriguez Beltran",person
"fernanda alves",person
"Josh",person
"André Veiga",person
"Sheila De Aguiar Cardoso Inns",person
"Gustavo Mello Viegas",person
"Atharv Gupta",person
"João Pedro Caleiro",person
"Jade Lima Farias Melo",person
"Brazil Institute KCL",not_person
"Julia Ogden",person
"Franco",person
"sophie",person
"Marcelo Bovill",person
"Brasa Brasil Oxford",not_person
"Perch Eco Village Bicester",not_person
"Oliver B",person
"Brookes Capoeira Society",not_person
"Rodrigo S Pitombo",person
"Edo Piermattei",person
"Raquel Pitanga",person
"Charlie Goldberg",person
"Fabiana CZ",person
"toby",person
"Juliet Hussell",person
"Joe Rosa",person
"Catarina",person
"afonsospinelli",person
"Giulia",person
"Claudio Matos",person
"Flaviane Malaquias Costa",person
"Felipe Achatz",person
"Beatriz Campos Codo",person
"黄伊琳",person
"olivia",person
"Oshil Bansal",person
"so",person
"Maria Branco",person
"Beixi Hao",person
"Francesco Straniero",person
"Gabrielle G. Gebran",person
"Abraham Biniam",person
"Enrico",person
"Tainara Veiga",person
"Pedro Silvany",person
"Renan Vinicius de Araújo",person
"Taylor Swift fan account❤️",not_person
"Isabella Ruiz",person
"Aline Soterroni",person
"Ana Helena",person
"Oxford Capoeira Society",not_person
"Taha Qadri",person
"hellen v f raposo",person
"Sunshine Mind",not_person
"Rawz",person
"Luiz Felipe Costa",person
"Shiloh Sumanthiran",person
"Uk Assignments Writing services 🇬🇧",not_person
"Daniel Cunha",person
"🇬🇧🇪🇸🇵🇹Seasonal Colour Analyst",not_person
"Jonas Kulakauskas",person
"🅳🅹 🅰🅼🅽🅴🆂🅸🅰",not_person
"Ana Andrade",person
"Marcela | Cientista em Oxford 📍",person
"Bernardo de La Vega",person
"Lise Milepe",person
"Julia Durigan",person
"Fê S Maia",person
"Ritesh Basu",person
"Kellogg College, University of Oxford",not_person
"Lokman Hakim",person
"Jenny",person
"Maria Laura Starling 🧿",person
"Sara Freitas",person
"Holly",person
"Patricia Alvarez",person
"Isis •  イシス",person
"VanshikaVikramReddy",person
"Fabricio Carrijo",person
"Laura Morales",person
"pedroribeiro lit",person
"Isabelli Ferrari",person
"William Rodriguez",person
"Jess Ozorio",person
"Ryan Gidda",person
"Angelica",person
"André Rocha",person
"Luckeciano Melo",person
"Beatriz Fraga",person
"Luisa Souza",person
"Ludy Campos",person
"Claudia Battagin",person
"Juan Monteiro",person
"Alice Rubli",person
"Lucy Rowland✨",person
"Pen Za",person
"Levis Stephen",person
"Marcelo Honório Campos",person
"Nina de Almeida",person
"Brunna",person
"Iara",person
"Chris Dukes",person
"Fabiano Garcia M. Belloube",person
"silviers thecleaner",not_person
"saia",person
"Arthur Disegna",person
"Anselmo Jiro Kamada",person
"Manuel Jara Espejo",person
"Caetano Maschio Santos",person
"Diana",person
"Carolina Longo",person
"José Roberto Baldivia Junior",person
"Gustavo Quino",person
"psychi’ART’ist",not_person
"Guilherme Marques Santos Silva",person
"Laura Zampini",person
"belisards",person
"Luciane Mozzer",person
"Fernanda Galera",person
"Bárbara Crateús Santos",person
"Ayslan Barros",person
"Natalia Brigagão 🇧🇷🌎",person
"Antonia Moro",person
"Jess_essays",not_person
"Omegaconstruction",not_person
"LATIN☀️X PRODUCTION",not_person
"Raul Intriago",person
"Aluska",person
"Filippo Arnoldi",person
"Pembroke College | Oxford",not_person
"Mansfield College JCR",not_person
"St Antony's College, University of Oxford",not_person
"Marcus Torres",person
"Sky",person
"Paloma Eduarda",person
"Mari Borges",person
"Jéssica Luiz",person
"Ofélia Lingchen",person
"Dalya Sharouf",person
"Lincoln Unites",not_person
"St. Hilda's College Events",not_person
"Gustavo Pedroso",person
"Allan Greicon Macedo Lima",person
"Gabby",person
"Oxford Flood Scheme",not_person
"_____troeeit______gul",person
"moha2708",person
"Branco Miranda",person
"studyyyyyy97",person
"York MLB60 ⚾️",not_person
"🍓",person
"Camila Zandoná Cortez",person
"Jerfesson Gustavo",person
"start@ox",not_person
"José Luís Ferraro",person
"Rodrigo Lima",person
"Oxford Uni Advertising Society",not_person
"Gabriel",person
"KEEN UK",not_person
"💯",person
"SPACE",not_person
"Robson Oliveira",person
"Ana Carolina Barros",person
"Baya Badmaeva",person
"Ayesha Irfan",person
"Luis Gouveia",person
"Sharmistha Mallik",person
"Oxfordshire Chauffeurs",not_person
"Oxford Reproductive Justice",not_person
"Encouraging Women Across All Borders",not_person
"Oxford Taxi Services",not_person
"Joana Neves Teixeira",person
"CleanSlateEducation",not_person
"History of Science Museum",not_person
"Jagyoseni Mandal",person
"Caio C. Maia",person
"Felipe Nuti",person
"OxBTGC",not_person
"💥✨💥💥",person
"Prabhat Kumar",person
"Tilly Rose │ Chronic Illness",not_person
"Carolina Martinelli",person
"Oxfordshire, UK 🇬🇧",not_person
"Oxford Shorinji Kempo",not_person
"Beatriz Arruda",person
"Latino Events BOP",not_person
"Thierno Sanou Barry",person
"Annika M",person
"Rick's Kitchen Oxford",not_person
"Exploretheworld",not_person
"M2-4Blades",not_person
"Oxford City Of Dreaming Spires",not_person
"Indestructible warriors",not_person
"Oxford Friends Of The Earth",not_person
"greenigloosandshams",not_person
"Oxuniprint Limited",not_person
"Pitt Rivers Museum Oxford",not_person
"Darlan Cândido",person
"MoMo's & More",not_person
"The Eglesfield Musical Society",not_person
"We Love Oxford ❤️",not_person
"Oxfordshire Mind",not_person
"Animals of Oxford",not_person
"Özler Aykan",person
"Jesus College Access and Outreach",not_person
"jd9jcg9tehg98fehf9874hf98ge",not_person
"Ellie Greaves",person
"Bárbara",person
"Uncomfortable Oxford",not_person
"Undergraduate Study at Oxford",not_person
"Ricardo Parolin Schnekenberg",person
"Caio V. Machado",person
"Sergio Carvalho",person
"Rafhael Romero Bentos",person
"Leonid Olender",person
"Diego Salama",person
"Guy Spier",person
"Adi Marer",person
"Your go-to account for in-depth food reviews at Oxford",not_person
"zoe burr",person
"Heather Allansdottir",person
"Jewish Students For Justice",not_person
"oxisraelsoc",not_person
"Matt Goldschmidt",person
"Lillian Ngo Usadi",person
"Sophie Cardin | שׂמחה קאַרדאָנסקי",person
"Ian Gorsen",person
"CoffeeBreakProSeLawFirm",not_person
"Nicole Tan",person
"Oxford JSoc",not_person
"Alec Litvak",person
"Samantha (Tzivia) Lish",person
"Archivo Aesthetic",not_person
"Lena Zlock",person
"georgie be me re",person
"Alexander Charles",person
